Word,Count
new,43
life,37
like,27
day,26
feeling,26
heart,26
dreams,25
laughter,24
night,23
joy,23
world,22
art,21
beauty,20
journey,20
nature,19
every,19
sky,19
symphony,18
dance,18
exploring,17
garden,17
challenges,17
emotions,17
lost,17
concert,16
echoes,16
whispers,16
friends,15
personal,15
project,15
time,15
sense,15
soul,15
love,14
excitement,14
despair,14
moments,14
creativity,14
shattered,14
challenging,13
surprise,13
moment,13
old,13
tears,13
embracing,13
gratitude,13
serenity,13
air,13
tales,13
family,12
